Name,Designation,Company,Experience,Category,Question,Response,Rating,Batch
Priya Mehta,Senior Marketing Executive,AdTech Solutions,5 years,Course Content and Learning Experience,How relevant is the course content to the industry?,"The course content is quite relevant, especially in helping me develop soft skills that are essential in my field, such as influencing stakeholders and communicating effectively with clients and team members.",3,Cohort Jul 20
Priya Mehta,Senior Marketing Executive,AdTech Solutions,5 years,Course Content and Learning Experience,Was the material engaging and easy to understand?,"Yes, the material was very engaging. The examples and case studies helped clarify the concepts, especially around leadership presence and informal influence.",3,Cohort Jul 20
Priya Mehta,Senior Marketing Executive,AdTech Solutions,5 years,Course Content and Learning Experience,How practical are the skills taught in the course?,"The skills are practical, especially when it comes to applying persuasive communication techniques in client meetings or pitching new marketing strategies internally.",3,Cohort Jul 20
Priya Mehta,Senior Marketing Executive,AdTech Solutions,5 years,Course Content and Learning Experience,Were the assignments and projects helpful in applying the concepts?,"Absolutely. The assignments simulated real-world scenarios, allowing me to practice what I learned. I even used one of the frameworks from an assignment in a client pitch!",3,Cohort Jul 20
Priya Mehta,Senior Marketing Executive,AdTech Solutions,5 years,Course Content and Learning Experience,How interactive were the live sessions and discussions?,"The live sessions were great for interaction, but I would have preferred a bit more time for questions at the end of each session.",3,Cohort Jul 20
Priya Mehta,Senior Marketing Executive,AdTech Solutions,5 years,Course Content and Learning Experience,"Did you find the learning resources (videos, articles, case studies) useful?","Yes, the learning resources, especially the case studies, were incredibly useful. They helped put theoretical concepts into a real-world context.",3,Cohort Jul 20
Priya Mehta,Senior Marketing Executive,AdTech Solutions,5 years,Instructor Quality,How knowledgeable were the instructors?,"The instructors were very knowledgeable and brought a lot of experience from their respective fields, which made the learning process smooth.",4,Cohort Jul 20
Priya Mehta,Senior Marketing Executive,AdTech Solutions,5 years,Instructor Quality,Were the instructors responsive to doubts and questions?,"Yes, they were responsive and offered detailed answers to our questions. I appreciated the effort they put into ensuring everyone was on the same page.",4,Cohort Jul 20
Priya Mehta,Senior Marketing Executive,AdTech Solutions,5 years,Instructor Quality,Did the instructors provide real-world examples to illustrate concepts?,"Yes, they shared multiple real-world examples, which made it easier to understand how to apply the concepts in my role.",4,Cohort Jul 20
Priya Mehta,Senior Marketing Executive,AdTech Solutions,5 years,Time Commitment and Difficulty Level,How many hours per week did you dedicate to the course?,"I dedicated around 5-6 hours per week, which was manageable with my full-time job.",3.5,Cohort Jul 20
Priya Mehta,Senior Marketing Executive,AdTech Solutions,5 years,Time Commitment and Difficulty Level,Was the course manageable alongside a full-time job?,"Yes, the course was flexible enough to manage alongside my job, especially since the assignments were spread out over time.",3.5,Cohort Jul 20
Priya Mehta,Senior Marketing Executive,AdTech Solutions,5 years,Time Commitment and Difficulty Level,What was the most challenging part of the course?,The most challenging part was changing my communication style to be more influential. It required a mindset shift from just presenting data to truly persuading my audience.,3.5,Cohort Jul 20
Priya Mehta,Senior Marketing Executive,AdTech Solutions,5 years,Time Commitment and Difficulty Level,Was the course too easy or too difficult for your level?,"It was challenging, but at the right level. The course pushed me just enough without being overwhelming.",3.5,Cohort Jul 20
Priya Mehta,Senior Marketing Executive,AdTech Solutions,5 years,Career Impact and Value,Did this course help you advance in your career or get a promotion?,"It hasnt directly led to a promotion yet, but it has made me more confident in managing my team and presenting to senior leadership.",4.5,Cohort Jul 20
Priya Mehta,Senior Marketing Executive,AdTech Solutions,5 years,Career Impact and Value,How has the course impacted your salary or job prospects?,"It hasnt impacted my salary yet, but I feel more equipped to negotiate and position myself for a raise or promotion in the future.",4.5,Cohort Jul 20
Priya Mehta,Senior Marketing Executive,AdTech Solutions,5 years,Career Impact and Value,"Did you get any tangible value from completing this course (e.g., new skills, networking opportunities)?","Yes, I gained new skills in persuasive communication and influencing others, which are invaluable in my day-to-day work.",4.5,Cohort Jul 20
Priya Mehta,Senior Marketing Executive,AdTech Solutions,5 years,Career Impact and Value,Would you recommend this course to someone looking to switch careers?,"Yes, I would recommend it to anyone looking to build leadership skills, especially if they're transitioning into a management role.",Cohort Jul 20
Priya Mehta,Senior Marketing Executive,AdTech Solutions,5 years,Return on Investment (ROI),Was the course worth the investment in terms of time and money?,Definitely. The course provided me with both theoretical knowledge and practical skills that I can apply immediately.,3.5,Cohort Jul 20
Priya Mehta,Senior Marketing Executive,AdTech Solutions,5 years,Return on Investment (ROI),Did you get the expected value from the course compared to the cost?,"Yes, I received the value I expected. The course is well worth the investment, given the reputation of Wharton and the quality of the content.",3.5,Cohort Jul 20
Priya Mehta,Senior Marketing Executive,AdTech Solutions,5 years,Return on Investment (ROI),How soon did you see a return on investment after completing the course?,I started seeing a return on investment immediately in terms of my improved communication and leadership skills.,3.5,Cohort Jul 20
Priya Mehta,Senior Marketing Executive,AdTech Solutions,5 years,Alumni Network and Community,How active and supportive is the alumni network?,"The alumni network is active, and there are plenty of opportunities to connect with others through forums and webinars.",4.5,Cohort Jul 20
Priya Mehta,Senior Marketing Executive,AdTech Solutions,5 years,Alumni Network and Community,Did you connect with other learners during or after the course?,"Yes, I connected with several peers during the course, and weve stayed in touch to discuss our career growth and challenges.",4.5,Cohort Jul 20
Priya Mehta,Senior Marketing Executive,AdTech Solutions,5 years,Alumni Network and Community,Were there any networking opportunities provided by the platform?,"Yes, the platform facilitated networking opportunities through discussions and live sessions, which were useful for professional connections.",4.5,Cohort Jul 20
Priya Mehta,Senior Marketing Executive,AdTech Solutions,5 years,Certificate and Recognition,Is the certificate well-recognized in the industry?,"Wharton's certificate is well-recognized, and Ive noticed more attention from recruiters on LinkedIn after adding it to my profile.",3,Cohort Jul 20
Priya Mehta,Senior Marketing Executive,AdTech Solutions,5 years,Certificate and Recognition,Did the certificate help you get noticed by employers or recruiters?,"While I havent landed a new job yet, Ive definitely seen more interest from recruiters since completing the course.",3,Cohort Jul 20
Rohit Verma,Marketing Director,BrandSphere Inc.,10 years,Course Content and Learning Experience,How relevant is the course content to the industry?,"The course content is relevant, especially for someone at my level. I found the advanced strategies tailored to seasoned professionals particularly beneficial.",4,Cohort Dec 20
Rohit Verma,Marketing Director,BrandSphere Inc.,10 years,Course Content and Learning Experience,Was the material engaging and easy to understand?,"The material was engaging, though I found some of the introductory modules a bit basic given my experience. The advanced strategies were more challenging and engaging.",4,Cohort Dec 20
Rohit Verma,Marketing Director,BrandSphere Inc.,10 years,Course Content and Learning Experience,How practical are the skills taught in the course?,"The skills are practical, particularly the sections on persuasive communication, which I found helpful for influencing high-level stakeholders.",4,Cohort Dec 20
Rohit Verma,Marketing Director,BrandSphere Inc.,10 years,Course Content and Learning Experience,Were the assignments and projects helpful in applying the concepts?,"Yes, the assignments were useful, though I would have preferred more complex case studies that reflect real-world challenges I face as a marketing leader.",4,Cohort Dec 20
Rohit Verma,Marketing Director,BrandSphere Inc.,10 years,Course Content and Learning Experience,How interactive were the live sessions and discussions?,"The live sessions were interactive, but I felt there could have been more depth in the discussions, particularly for someone with my level of experience.",4,Cohort Dec 20
Rohit Verma,Marketing Director,BrandSphere Inc.,10 years,Course Content and Learning Experience,"Did you find the learning resources (videos, articles, case studies) useful?","Yes, the learning resources were useful, especially the case studies that gave real-world applications of leadership principles.",4,Cohort Dec 20
Rohit Verma,Marketing Director,BrandSphere Inc.,10 years,Instructor Quality,How knowledgeable were the instructors?,"The instructors were knowledgeable, though I felt some of the content was more introductory than I expected for an experienced leader.",4,Cohort Dec 20
Rohit Verma,Marketing Director,BrandSphere Inc.,10 years,Instructor Quality,Were the instructors responsive to doubts and questions?,"Yes, the instructors were responsive and provided insightful feedback, which helped clarify some of the more complex concepts.",4,Cohort Dec 20
Rohit Verma,Marketing Director,BrandSphere Inc.,10 years,Instructor Quality,Did the instructors provide real-world examples to illustrate concepts?,"Yes, real-world examples were used throughout the course, which made the theoretical aspects easier to understand and apply.",4,Cohort Dec 20
Rohit Verma,Marketing Director,BrandSphere Inc.,10 years,Time Commitment and Difficulty Level,How many hours per week did you dedicate to the course?,"I spent around 3-4 hours per week on the course. It was manageable, but balancing it with my work deadlines required careful planning.",4,Cohort Dec 20
Rohit Verma,Marketing Director,BrandSphere Inc.,10 years,Time Commitment and Difficulty Level,Was the course manageable alongside a full-time job?,"Yes, the course was manageable alongside my full-time job, but I had to be diligent with time management, especially when deadlines overlapped.",4,Cohort Dec 20
Rohit Verma,Marketing Director,BrandSphere Inc.,10 years,Time Commitment and Difficulty Level,What was the most challenging part of the course?,"The most challenging part was balancing the time commitment with my job responsibilities, though the content itself was mostly manageable.",4,Cohort Dec 20
Rohit Verma,Marketing Director,BrandSphere Inc.,10 years,Time Commitment and Difficulty Level,Was the course too easy or too difficult for your level?,"The course was a bit easier than expected, particularly since I�ve been in leadership roles for a while. I would have liked more advanced content.",4,Cohort Dec 20
Rohit Verma,Marketing Director,BrandSphere Inc.,10 years,Career Impact and Value,Did this course help you advance in your career or get a promotion?,"The course hasn�t led to a promotion yet, but it has helped me sharpen my communication and influence skills, which will be beneficial long-term.",4,Cohort Dec 20
Rohit Verma,Marketing Director,BrandSphere Inc.,10 years,Career Impact and Value,How has the course impacted your salary or job prospects?,"It hasn�t impacted my salary yet, but I feel more equipped to negotiate better roles or salary increases in the future.",4,Cohort Dec 20
Rohit Verma,Marketing Director,BrandSphere Inc.,10 years,Career Impact and Value,"Did you get any tangible value from completing this course (e.g., new skills, networking opportunities)?","Yes, the course provided value in terms of refining leadership and communication skills, which are crucial for presenting design ideas and managing teams.",4,Cohort Dec 20
Rohit Verma,Marketing Director,BrandSphere Inc.,10 years,Career Impact and Value,Would you recommend this course to someone looking to switch careers?,"I would recommend this course to someone looking to improve their executive presence, but for experienced leaders, it may feel a bit basic.",4,Cohort Dec 20
Rohit Verma,Marketing Director,BrandSphere Inc.,10 years,Return on Investment (ROI),Was the course worth the investment in terms of time and money?,"Yes, the course was worth the investment, especially for the Wharton brand and the focus on leadership presence and communication.",4,Cohort Dec 20
Rohit Verma,Marketing Director,BrandSphere Inc.,10 years,Return on Investment (ROI),Did you get the expected value from the course compared to the cost?,"Yes, the value I received was what I expected, though I would have liked more advanced content to challenge my existing leadership skills.",4,Cohort Dec 20
Rohit Verma,Marketing Director,BrandSphere Inc.,10 years,Return on Investment (ROI),How soon did you see a return on investment after completing the course?,I saw a return on investment fairly quickly in terms of improved communication with senior management and more confidence in leading discussions.,4,Cohort Dec 20
Rohit Verma,Marketing Director,BrandSphere Inc.,10 years,Alumni Network and Community,How active and supportive is the alumni network?,"The alumni network is active, though I haven�t fully engaged with it yet. I plan to use it more in the future for networking and opportunities.",4,Cohort Dec 20
Rohit Verma,Marketing Director,BrandSphere Inc.,10 years,Alumni Network and Community,Did you connect with other learners during or after the course?,"Yes, I connected with a few peers during the course, and we�ve kept in touch, sharing insights on leadership in design and strategy.",4,Cohort Dec 20
Rohit Verma,Marketing Director,BrandSphere Inc.,10 years,Alumni Network and Community,Were there any networking opportunities provided by the platform?,"Yes, there were networking opportunities, though I would have liked more focus on design-specific leadership challenges during the sessions.",4,Cohort Dec 20
Rohit Verma,Marketing Director,BrandSphere Inc.,10 years,Certificate and Recognition,Is the certificate well-recognized in the industry?,"The Wharton certificate is well-recognized and adds credibility to my resume, which has already attracted more attention from recruiters.",4,Cohort Dec 20
Rohit Verma,Marketing Director,BrandSphere Inc.,10 years,Certificate and Recognition,Did the certificate help you get noticed by employers or recruiters?,"Yes, the certificate has definitely made me more competitive in the job market, and I�ve noticed increased interest from potential employers.",4,Cohort Dec 20
Ananya Kapoor,Product Designer,Creative Labs,5 years,Course Content and Learning Experience,How relevant is the course content to the industry?,"The course content was relevant, especially for someone like me looking to improve my leadership presence and influence in design discussions.",4,Cohort July 21
Ananya Kapoor,Product Designer,Creative Labs,5 years,Course Content and Learning Experience,Was the material engaging and easy to understand?,"Yes, the material was engaging. I especially liked how leadership concepts were broken down into actionable steps, which made them easy to follow.",4,Cohort July 21
Ananya Kapoor,Product Designer,Creative Labs,5 years,Course Content and Learning Experience,How practical are the skills taught in the course?,"The skills are practical and can be applied in daily interactions with stakeholders, particularly when presenting design ideas to non-design teams.",4,Cohort July 21
Ananya Kapoor,Product Designer,Creative Labs,5 years,Course Content and Learning Experience,Were the assignments and projects helpful in applying the concepts?,"Yes, the assignments were hands-on and really helped me understand how to apply the techniques of influence and persuasion in my work.",4,Cohort July 21
Ananya Kapoor,Product Designer,Creative Labs,5 years,Course Content and Learning Experience,How interactive were the live sessions and discussions?,"The live sessions were good for interaction, though I would have liked a bit more focus on the design industry and how these concepts apply to it.",4,Cohort July 21
Ananya Kapoor,Product Designer,Creative Labs,5 years,Course Content and Learning Experience,"Did you find the learning resources (videos, articles, case studies) useful?","Yes, the learning resources, especially the case studies, were helpful in giving real-world examples of leadership challenges across industries.",4,Cohort July 21
Ananya Kapoor,Product Designer,Creative Labs,5 years,Instructor Quality,How knowledgeable were the instructors?,"The instructors were knowledgeable and clearly experienced in their fields, which made their advice credible and useful.",4,Cohort July 21
Ananya Kapoor,Product Designer,Creative Labs,5 years,Instructor Quality,Were the instructors responsive to doubts and questions?,"Yes, the instructors were responsive, providing detailed answers to the questions we had, which was particularly helpful in understanding leadership principles.",4,Cohort July 21
Ananya Kapoor,Product Designer,Creative Labs,5 years,Instructor Quality,Did the instructors provide real-world examples to illustrate concepts?,"Yes, the instructors shared real-world examples, which made the theories more relatable to my own experiences as a product designer.",4,Cohort July 21
Ananya Kapoor,Product Designer,Creative Labs,5 years,Time Commitment and Difficulty Level,How many hours per week did you dedicate to the course?,"I dedicated about 4-5 hours per week, which was manageable even with my work deadlines, though I occasionally had to catch up on weekends.",4,Cohort July 21
Ananya Kapoor,Product Designer,Creative Labs,5 years,Time Commitment and Difficulty Level,Was the course manageable alongside a full-time job?,"The course was manageable alongside my job, though balancing it with deadlines at work was sometimes tricky.",4,Cohort July 21
Ananya Kapoor,Product Designer,Creative Labs,5 years,Time Commitment and Difficulty Level,What was the most challenging part of the course?,"The most challenging part was learning how to adjust my communication style to be more influential, especially when working with non-design stakeholders.",4,Cohort July 21
Ananya Kapoor,Product Designer,Creative Labs,5 years,Time Commitment and Difficulty Level,Was the course too easy or too difficult for your level?,"The course was at the right level for me, though I would have liked a bit more focus on design-specific challenges.",4,Cohort July 21
Ananya Kapoor,Product Designer,Creative Labs,5 years,Career Impact and Value,Did this course help you advance in your career or get a promotion?,"This course hasn�t led to a promotion yet, but it has definitely improved how I communicate with leadership and external partners, which will help long-term.",4,Cohort July 21
Ananya Kapoor,Product Designer,Creative Labs,5 years,Career Impact and Value,How has the course impacted your salary or job prospects?,"It hasn�t impacted my salary yet, but I�m more confident in negotiating for better opportunities in the future.",4,Cohort July 21
Ananya Kapoor,Product Designer,Creative Labs,5 years,Career Impact and Value,"Did you get any tangible value from completing this course (e.g., new skills, networking opportunities)?","Yes, I gained new skills in communication and leadership, which are particularly valuable in presenting my ideas more confidently to senior stakeholders.",4,Cohort July 21
Ananya Kapoor,Product Designer,Creative Labs,5 years,Career Impact and Value,Would you recommend this course to someone looking to switch careers?,"Yes, I would recommend this course to anyone looking to build leadership presence, though some additional design-specific content would make it even better.",4,Cohort July 21
Ananya Kapoor,Product Designer,Creative Labs,5 years,Return on Investment (ROI),Was the course worth the investment in terms of time and money?,"Yes, the course was worth the investment. The skills I�ve gained in communication and influence are invaluable in my work as a designer.",4,Cohort July 21
Ananya Kapoor,Product Designer,Creative Labs,5 years,Return on Investment (ROI),Did you get the expected value from the course compared to the cost?,"I received the value I expected from the course, particularly in terms of enhancing my leadership presence and communication skills.",4,Cohort July 21
Ananya Kapoor,Product Designer,Creative Labs,5 years,Return on Investment (ROI),How soon did you see a return on investment after completing the course?,"I started seeing a return on investment quite early, especially in how I lead design discussions and interact with higher management.",4,Cohort July 21
Ananya Kapoor,Product Designer,Creative Labs,5 years,Alumni Network and Community,How active and supportive is the alumni network?,"The alumni network is active, though I haven�t fully explored it yet. I plan to use it more in the future for networking.",4,Cohort July 21
Ananya Kapoor,Product Designer,Creative Labs,5 years,Alumni Network and Community,Did you connect with other learners during or after the course?,"Yes, I connected with some of my peers during the course, and we�ve continued to exchange ideas and challenges related to leadership in design.",4,Cohort July 21
Ananya Kapoor,Product Designer,Creative Labs,5 years,Alumni Network and Community,Were there any networking opportunities provided by the platform?,"Yes, there were networking opportunities provided by the platform, though I would have liked more industry-specific sessions for product designers.",4,Cohort July 21
Ananya Kapoor,Product Designer,Creative Labs,5 years,Certificate and Recognition,Is the certificate well-recognized in the industry?,"The Wharton certificate is well-recognized, and I�ve noticed more interest from recruiters since adding it to my resume.",4,Cohort July 21
Ananya Kapoor,Product Designer,Creative Labs,5 years,Certificate and Recognition,Did the certificate help you get noticed by employers or recruiters?,"While I haven�t pursued new roles yet, I feel the certificate has definitely made me more competitive in the job market.",4,Cohort July 21
Vikram Desai,Lead Product Designer,Design Hub,10 years,Course Content and Learning Experience,How relevant is the course content to the industry?,"The course is relevant for someone like me who is looking to refine their leadership presence. However, I would have liked more focus on design leadership."
Vikram Desai,Lead Product Designer,Design Hub,10 years,Course Content and Learning Experience,Was the material engaging and easy to understand?,"The material was engaging, though some parts felt a bit repetitive given my prior experience in leadership roles."
Vikram Desai,Lead Product Designer,Design Hub,10 years,Course Content and Learning Experience,How practical are the skills taught in the course?,"The skills are practical, but I found myself already applying many of the techniques in my day-to-day leadership tasks."
Vikram Desai,Lead Product Designer,Design Hub,10 years,Course Content and Learning Experience,Were the assignments and projects helpful in applying the concepts?,"The assignments were helpful in refining the concepts, though I would have appreciated more advanced case studies tailored to experienced leaders."
Vikram Desai,Lead Product Designer,Design Hub,10 years,Course Content and Learning Experience,How interactive were the live sessions and discussions?,"The live sessions were interactive, but I felt there could have been more depth in the discussions, particularly for someone with my level of experience."
Vikram Desai,Lead Product Designer,Design Hub,10 years,Course Content and Learning Experience,"Did you find the learning resources (videos, articles, case studies) useful?","Yes, the learning resources were useful, especially the case studies that gave real-world applications of leadership principles."
Vikram Desai,Lead Product Designer,Design Hub,10 years,Instructor Quality,How knowledgeable were the instructors?,"The instructors were knowledgeable, though I felt some of the content was more introductory than I expected for an experienced leader."
Vikram Desai,Lead Product Designer,Design Hub,10 years,Instructor Quality,Were the instructors responsive to doubts and questions?,"Yes, the instructors were responsive and provided insightful feedback, which helped clarify some of the more complex concepts."
Vikram Desai,Lead Product Designer,Design Hub,10 years,Instructor Quality,Did the instructors provide real-world examples to illustrate concepts?,"Yes, real-world examples were used throughout the course, which made the theoretical aspects easier to understand and apply."
Vikram Desai,Lead Product Designer,Design Hub,10 years,Time Commitment and Difficulty Level,How many hours per week did you dedicate to the course?,"I spent around 3-4 hours per week on the course. It was manageable, but balancing it with my work deadlines required careful planning."
Vikram Desai,Lead Product Designer,Design Hub,10 years,Time Commitment and Difficulty Level,Was the course manageable alongside a full-time job?,"Yes, the course was manageable alongside my full-time job, but I had to be diligent with time management, especially when deadlines overlapped."
Vikram Desai,Lead Product Designer,Design Hub,10 years,Time Commitment and Difficulty Level,What was the most challenging part of the course?,"The most challenging part was balancing the time commitment with my job responsibilities, though the content itself was mostly manageable."
Vikram Desai,Lead Product Designer,Design Hub,10 years,Time Commitment and Difficulty Level,Was the course too easy or too difficult for your level?,"The course was a bit easier than expected, particularly since I�ve been in leadership roles for a while. I would have liked more advanced content."
Vikram Desai,Lead Product Designer,Design Hub,10 years,Career Impact and Value,Did this course help you advance in your career or get a promotion?,"The course hasn�t led to a promotion yet, but it has helped me sharpen my communication and influence skills, which will be beneficial long-term."
Vikram Desai,Lead Product Designer,Design Hub,10 years,Career Impact and Value,How has the course impacted your salary or job prospects?,"It hasn�t directly impacted my salary yet, but I feel more equipped to negotiate better roles or salary increases in the future."
Vikram Desai,Lead Product Designer,Design Hub,10 years,Career Impact and Value,"Did you get any tangible value from completing this course (e.g., new skills, networking opportunities)?","Yes, the course provided value in terms of refining leadership and communication skills, which are crucial for presenting design ideas and managing teams."
Vikram Desai,Lead Product Designer,Design Hub,10 years,Career Impact and Value,Would you recommend this course to someone looking to switch careers?,"I would recommend this course to someone looking to improve their executive presence, but for experienced leaders, it may feel a bit basic."
Vikram Desai,Lead Product Designer,Design Hub,10 years,Return on Investment (ROI),Was the course worth the investment in terms of time and money?,"Yes, the course was worth the investment, especially for the Wharton brand and the focus on leadership presence and communication."
Vikram Desai,Lead Product Designer,Design Hub,10 years,Return on Investment (ROI),Did you get the expected value from the course compared to the cost?,"Yes, the value I received was what I expected, though I would have liked more advanced content to challenge my existing leadership skills."
Vikram Desai,Lead Product Designer,Design Hub,10 years,Return on Investment (ROI),How soon did you see a return on investment after completing the course?,I saw a return on investment fairly quickly in terms of improved communication with senior management and more confidence in leading discussions.
Vikram Desai,Lead Product Designer,Design Hub,10 years,Alumni Network and Community,How active and supportive is the alumni network?,"The alumni network is active, though I haven�t fully engaged with it yet. I plan to use it more in the future for networking and opportunities."
Vikram Desai,Lead Product Designer,Design Hub,10 years,Alumni Network and Community,Did you connect with other learners during or after the course?,"Yes, I connected with a few peers during the course, and we�ve kept in touch, sharing insights on leadership in design and strategy."
Vikram Desai,Lead Product Designer,Design Hub,10 years,Alumni Network and Community,Were there any networking opportunities provided by the platform?,"Yes, there were networking opportunities, though I would have liked more focus on design-specific leadership challenges during the sessions."
Vikram Desai,Lead Product Designer,Design Hub,10 years,Certificate and Recognition,Is the certificate well-recognized in the industry?,"The Wharton certificate is well-recognized and adds credibility to my resume, which has already attracted more attention from recruiters."
Vikram Desai,Lead Product Designer,Design Hub,10 years,Certificate and Recognition,Did the certificate help you get noticed by employers or recruiters?,"Yes, the certificate has definitely made me more competitive in the job market, and I�ve noticed increased interest from potential employers."
Sneha Singh,General Manager,BizGlobal,10 years,Course Content and Learning Experience,How relevant is the course content to the industry?,"The course content is highly relevant, especially for a general management role where leadership and influence are critical to success.",4
Sneha Singh,General Manager,BizGlobal,10 years,Course Content and Learning Experience,Was the material engaging and easy to understand?,"Yes, the material was engaging and straightforward. I found the structure very helpful in understanding key concepts of executive presence.",4
Sneha Singh,General Manager,BizGlobal,10 years,Course Content and Learning Experience,How practical are the skills taught in the course?,"The skills taught are highly practical, especially in leadership and influence. Ive already started applying these skills in my role as a general manager.",4
Sneha Singh,General Manager,BizGlobal,10 years,Course Content and Learning Experience,Were the assignments and projects helpful in applying the concepts?,"Yes, the assignments were extremely helpful. They gave me an opportunity to practice real-world scenarios, which I found very valuable.",4
Sneha Singh,General Manager,BizGlobal,10 years,Course Content and Learning Experience,How interactive were the live sessions and discussions?,"The live sessions were highly interactive, and I appreciated the opportunity to ask questions and engage with both instructors and peers.",4
Sneha Singh,General Manager,BizGlobal,10 years,Course Content and Learning Experience,"Did you find the learning resources (videos, articles, case studies) useful?","Yes, the learning resources, particularly the case studies, were very useful and helped contextualize the theories we were learning.",4
Sneha Singh,General Manager,BizGlobal,10 years,Instructor Quality,How knowledgeable were the instructors?,"The instructors were incredibly knowledgeable, and they brought a lot of industry-specific insights to the table.",4
Sneha Singh,General Manager,BizGlobal,10 years,Instructor Quality,Were the instructors responsive to doubts and questions?,"Yes, the instructors were very responsive. They made sure to answer all questions thoroughly and provided additional context when necessary.",4
Sneha Singh,General Manager,BizGlobal,10 years,Instructor Quality,Did the instructors provide real-world examples to illustrate concepts?,"Yes, real-world examples were consistently used, which helped bridge the gap between theory and practice.",4
Sneha Singh,General Manager,BizGlobal,10 years,Time Commitment and Difficulty Level,How many hours per week did you dedicate to the course?,"I dedicated around 5-6 hours per week to the course. It was a bit challenging to manage with my job, but the flexibility helped.",4
Sneha Singh,General Manager,BizGlobal,10 years,Time Commitment and Difficulty Level,Was the course manageable alongside a full-time job?,"Yes, the course was manageable alongside a full-time job, though it did require some careful time management to meet deadlines.",4
Sneha Singh,General Manager,BizGlobal,10 years,Time Commitment and Difficulty Level,What was the most challenging part of the course?,"The most challenging part was balancing the coursework with my professional responsibilities, but the content itself was manageable.",4
Sneha Singh,General Manager,BizGlobal,10 years,Time Commitment and Difficulty Level,Was the course too easy or too difficult for your level?,"The course was well-suited to my level, though I would have appreciated some more advanced content in certain areas of leadership.",4
Sneha Singh,General Manager,BizGlobal,10 years,Career Impact and Value,Did this course help you advance in your career or get a promotion?,"It hasnt led to a promotion yet, but it has improved my leadership skills significantly, which will help me in future career growth.",4
Sneha Singh,General Manager,BizGlobal,10 years,Career Impact and Value,How has the course impacted your salary or job prospects?,"It hasnt impacted my salary directly, but I feel more confident in negotiating for raises or higher-level roles now.",4
Sneha Singh,General Manager,BizGlobal,10 years,Career Impact and Value,"Did you get any tangible value from completing this course (e.g., new skills, networking opportunities)?","Yes, the course provided significant value in terms of networking and enhancing my leadership and communication skills.",4
Sneha Singh,General Manager,BizGlobal,10 years,Career Impact and Value,Would you recommend this course to someone looking to switch careers?,"Yes, I would definitely recommend this course to someone looking to switch into a leadership role or improve their executive presence.",4
Sneha Singh,General Manager,BizGlobal,10 years,Return on Investment (ROI),Was the course worth the investment in terms of time and money?,"Yes, the course was well worth the investment. The skills and knowledge I gained have already made a difference in my daily work.",4
Sneha Singh,General Manager,BizGlobal,10 years,Return on Investment (ROI),Did you get the expected value from the course compared to the cost?,"Yes, I received exactly what I expected from the course in terms of leadership development and communication skills.",4
Sneha Singh,General Manager,BizGlobal,10 years,Return on Investment (ROI),How soon did you see a return on investment after completing the course?,"I saw a return on investment within a few weeks of completing the course, particularly in how I communicate with senior management.",4
Sneha Singh,General Manager,BizGlobal,10 years,Alumni Network and Community,How active and supportive is the alumni network?,"The alumni network is quite active, and I plan to engage with it more in the future. It offers valuable networking opportunities.",4
Sneha Singh,General Manager,BizGlobal,10 years,Alumni Network and Community,Did you connect with other learners during or after the course?,"Yes, I connected with several other learners during the course, and weve continued to exchange ideas and experiences since then.",4
Sneha Singh,General Manager,BizGlobal,10 years,Alumni Network and Community,Were there any networking opportunities provided by the platform?,"Yes, the platform provided plenty of opportunities for networking, which I found very useful for expanding my professional circle.",4
Sneha Singh,General Manager,BizGlobal,10 years,Certificate and Recognition,Is the certificate well-recognized in the industry?,"The Wharton certificate is well-recognized, and it has already helped me stand out more in discussions with recruiters and headhunters.",4
Sneha Singh,General Manager,BizGlobal,10 years,Certificate and Recognition,Did the certificate help you get noticed by employers or recruiters?,"Yes, the certificate has helped me get noticed by employers, though I havent actively pursued new opportunities yet.",4
Arjun Malhotra,Senior General Manager,TechCorp,15 years,Course Content and Learning Experience,How relevant is the course content to the industry?,"The course content is highly relevant for anyone in a leadership role. It focuses on enhancing executive presence and communication, which are key in my position.",4
Arjun Malhotra,Senior General Manager,TechCorp,15 years,Course Content and Learning Experience,Was the material engaging and easy to understand?,"Yes, the material was engaging, although some of the concepts felt familiar given my extensive experience. Still, I appreciated the structured approach.",4
Arjun Malhotra,Senior General Manager,TechCorp,15 years,Course Content and Learning Experience,How practical are the skills taught in the course?,"The skills taught are very practical, especially for communicating effectively with other senior leaders and influencing decision-making processes.",5
Arjun Malhotra,Senior General Manager,TechCorp,15 years,Course Content and Learning Experience,Were the assignments and projects helpful in applying the concepts?,"The assignments were helpful in applying the concepts, though I felt they could have been more tailored to someone at my seniority level.",3
Arjun Malhotra,Senior General Manager,TechCorp,15 years,Course Content and Learning Experience,How interactive were the live sessions and discussions?,"The live sessions were interactive, and I enjoyed the discussions with both the instructors and peers from different industries.",4
Arjun Malhotra,Senior General Manager,TechCorp,15 years,Course Content and Learning Experience,"Did you find the learning resources (videos, articles, case studies) useful?","Yes, the learning resources were useful, particularly the case studies that demonstrated leadership challenges across industries.",4
Arjun Malhotra,Senior General Manager,TechCorp,15 years,Instructor Quality,How knowledgeable were the instructors?,"The instructors were very knowledgeable, though I would have liked more focus on advanced leadership techniques.",4
Arjun Malhotra,Senior General Manager,TechCorp,15 years,Instructor Quality,Were the instructors responsive to doubts and questions?,"Yes, the instructors were responsive and provided detailed answers to questions. Their real-world experience added a lot of value.",5
Arjun Malhotra,Senior General Manager,TechCorp,15 years,Instructor Quality,Did the instructors provide real-world examples to illustrate concepts?,"Yes, the real-world examples helped in understanding how to apply the theories in practice, especially in my role leading large teams.",4
Arjun Malhotra,Senior General Manager,TechCorp,15 years,Time Commitment and Difficulty Level,How many hours per week did you dedicate to the course?,"I spent about 4-5 hours per week on the course, which was manageable given my workload. However, I occasionally had to catch up over weekends.",4
Arjun Malhotra,Senior General Manager,TechCorp,15 years,Time Commitment and Difficulty Level,Was the course manageable alongside a full-time job?,"Yes, the course was manageable alongside my full-time job, although it required careful time management to balance work responsibilities.",4
Arjun Malhotra,Senior General Manager,TechCorp,15 years,Time Commitment and Difficulty Level,What was the most challenging part of the course?,"The most challenging part was integrating the coursework with my busy schedule, but the content itself was accessible and clear.",3
Arjun Malhotra,Senior General Manager,TechCorp,15 years,Time Commitment and Difficulty Level,Was the course too easy or too difficult for your level?,"The course was well-suited to my level, though I would have preferred more challenging material, particularly around executive decision-making.",4
Arjun Malhotra,Senior General Manager,TechCorp,15 years,Career Impact and Value,Did this course help you advance in your career or get a promotion?,"It hasnt led to a promotion yet, but it has definitely improved my leadership presence and how I engage with the executive team.",4
Arjun Malhotra,Senior General Manager,TechCorp,15 years,Career Impact and Value,How has the course impacted your salary or job prospects?,"It hasnt impacted my salary yet, but I feel more confident in pursuing higher-level opportunities in the future.",4
Arjun Malhotra,Senior General Manager,TechCorp,15 years,Career Impact and Value,"Did you get any tangible value from completing this course (e.g., new skills, networking opportunities)?","Yes, the course provided a lot of value, especially in terms of refining my communication skills and strengthening my leadership presence.",5
Arjun Malhotra,Senior General Manager,TechCorp,15 years,Career Impact and Value,Would you recommend this course to someone looking to switch careers?,"Yes, I would recommend this course to senior leaders looking to refine their executive presence and communication skills.",4
Arjun Malhotra,Senior General Manager,TechCorp,15 years,Return on Investment (ROI),Was the course worth the investment in terms of time and money?,"Yes, the course was worth the investment. The skills Ive gained in influencing and communicating effectively are invaluable.",5
Arjun Malhotra,Senior General Manager,TechCorp,15 years,Return on Investment (ROI),Did you get the expected value from the course compared to the cost?,"Yes, the value I received from the course was what I expected, especially in terms of enhancing my executive leadership abilities.",4
Arjun Malhotra,Senior General Manager,TechCorp,15 years,Return on Investment (ROI),How soon did you see a return on investment after completing the course?,I saw a return on investment fairly quickly in how I lead meetings and communicate with senior management.,4
Arjun Malhotra,Senior General Manager,TechCorp,15 years,Alumni Network and Community,How active and supportive is the alumni network?,"The alumni network is active, and I look forward to engaging more with it. It offers plenty of opportunities to connect with other senior leaders.",4
Arjun Malhotra,Senior General Manager,TechCorp,15 years,Alumni Network and Community,Did you connect with other learners during or after the course?,"Yes, I connected with peers during the course, and weve kept in touch to exchange leadership strategies and best practices.",4
Arjun Malhotra,Senior General Manager,TechCorp,15 years,Alumni Network and Community,Were there any networking opportunities provided by the platform?,"Yes, there were several networking opportunities provided by the platform, though I would have liked more sessions tailored for senior leaders.",3
Arjun Malhotra,Senior General Manager,TechCorp,15 years,Certificate and Recognition,Is the certificate well-recognized in the industry?,"The Wharton certificate is highly recognized and adds credibility to my resume, which has attracted attention from recruiters.",5
Arjun Malhotra,Senior General Manager,TechCorp,15 years,Certificate and Recognition,Did the certificate help you get noticed by employers or recruiters?,"Yes, the certificate has helped me stand out, though I havent actively pursued new opportunities yet.",4
,,,,,,
,,,,,,
,,,,,,
,,,,,,
,,,,,,
,,,,,,
,,,,,,
,,,,,,
,,,,,,
,,,,,,
,,,,,,
,,,,,,
,,,,,,
,,,,,,
,,,,,,
,,,,,,
,,,,,,
,,,,,,
,,,,,,
,,,,,,
,,,,,,
,,,,,,
,,,,,,
,,,,,,
,,,,,,
,,,,,,
,,,,,,
,,,,,,
,,,,,,
,,,,,,
,,,,,,
,,,,,,
,,,,,,
,,,,,,
,,,,,,
,,,,,,
,,,,,,
,,,,,,
,,,,,,
,,,,,,
,,,,,,
,,,,,,
,,,,,,
,,,,,,
,,,,,,
,,,,,,
,,,,,,
,,,,,,
,,,,,,
,,,,,,
,,,,,,
,,,,,,
,,,,,,
,,,,,,
,,,,,,
,,,,,,
,,,,,,
,,,,,,
,,,,,,
,,,,,,
,,,,,,
,,,,,,
,,,,,,
,,,,,,
,,,,,,
,,,,,,
,,,,,,
,,,,,,
,,,,,,
,,,,,,
,,,,,,
,,,,,,
,,,,,,
,,,,,,
,,,,,,
,,,,,,
,,,,,,
,,,,,,
,,,,,,
,,,,,,
,,,,,,
,,,,,,
,,,,,,
,,,,,,
,,,,,,
,,,,,,
,,,,,,
,,,,,,
,,,,,,
,,,,,,
,,,,,,
,,,,,,
,,,,,,
,,,,,,
,,,,,,
,,,,,,
,,,,,,
,,,,,,
,,,,,,
,,,,,,
,,,,,,
,,,,,,
,,,,,,
,,,,,,
,,,,,,
,,,,,,
,,,,,,
,,,,,,
,,,,,,
,,,,,,
,,,,,,
,,,,,,
,,,,,,
,,,,,,
,,,,,,
,,,,,,
,,,,,,
,,,,,,
,,,,,,
,,,,,,
,,,,,,
,,,,,,
,,,,,,
,,,,,,
,,,,,,
,,,,,,
,,,,,,
,,,,,,
,,,,,,
,,,,,,
,,,,,,
,,,,,,
,,,,,,
,,,,,,
,,,,,,
,,,,,,
,,,,,,
,,,,,,
,,,,,,
,,,,,,
,,,,,,
,,,,,,
,,,,,,
,,,,,,
,,,,,,
,,,,,,
,,,,,,
,,,,,,
,,,,,,
,,,,,,
,,,,,,
,,,,,,
,,,,,,
,,,,,,
,,,,,,
,,,,,,
,,,,,,
,,,,,,
,,,,,,
,,,,,,
,,,,,,
,,,,,,
,,,,,,
,,,,,,
,,,,,,
,,,,,,
,,,,,,
,,,,,,
,,,,,,
,,,,,,
,,,,,,
,,,,,,
,,,,,,
,,,,,,
,,,,,,
,,,,,,
,,,,,,
,,,,,,
,,,,,,
,,,,,,
,,,,,,
,,,,,,
,,,,,,
,,,,,,
,,,,,,
,,,,,,
,,,,,,
,,,,,,
,,,,,,
,,,,,,
,,,,,,
,,,,,,
,,,,,,
,,,,,,
,,,,,,
,,,,,,
,,,,,,
,,,,,,
,,,,,,
,,,,,,
,,,,,,
,,,,,,
,,,,,,
,,,,,,
,,,,,,
,,,,,,
,,,,,,
,,,,,,
,,,,,,
,,,,,,
,,,,,,
,,,,,,
,,,,,,
,,,,,,
,,,,,,
,,,,,,
,,,,,,
,,,,,,
,,,,,,
,,,,,,
,,,,,,
,,,,,,
,,,,,,
,,,,,,
,,,,,,
,,,,,,
,,,,,,
,,,,,,
,,,,,,
,,,,,,
,,,,,,
,,,,,,
,,,,,,
,,,,,,
,,,,,,
,,,,,,
,,,,,,
,,,,,,
,,,,,,
,,,,,,
,,,,,,
,,,,,,
,,,,,,
,,,,,,
,,,,,,
,,,,,,
,,,,,,
,,,,,,
,,,,,,
,,,,,,
,,,,,,
,,,,,,
,,,,,,
,,,,,,
,,,,,,
,,,,,,
,,,,,,
,,,,,,
,,,,,,
,,,,,,
,,,,,,
,,,,,,
,,,,,,
,,,,,,
,,,,,,
,,,,,,
,,,,,,
,,,,,,
,,,,,,
,,,,,,
,,,,,,
,,,,,,
,,,,,,
,,,,,,
,,,,,,
,,,,,,
,,,,,,
,,,,,,
,,,,,,
,,,,,,
,,,,,,
,,,,,,
,,,,,,
,,,,,,
,,,,,,
,,,,,,
,,,,,,
,,,,,,
,,,,,,
,,,,,,
,,,,,,
,,,,,,
,,,,,,
,,,,,,
,,,,,,
,,,,,,
,,,,,,
,,,,,,
,,,,,,
,,,,,,
,,,,,,
,,,,,,
,,,,,,
,,,,,,
,,,,,,
,,,,,,
,,,,,,
,,,,,,
,,,,,,
,,,,,,
,,,,,,
,,,,,,
,,,,,,
,,,,,,
,,,,,,
,,,,,,
,,,,,,
,,,,,,
,,,,,,
,,,,,,
,,,,,,
,,,,,,
,,,,,,
,,,,,,
,,,,,,
,,,,,,
,,,,,,
,,,,,,
,,,,,,
,,,,,,
,,,,,,
,,,,,,
,,,,,,
,,,,,,
,,,,,,
,,,,,,
,,,,,,
,,,,,,
,,,,,,
,,,,,,
,,,,,,
,,,,,,
,,,,,,
,,,,,,
,,,,,,
,,,,,,
,,,,,,
,,,,,,
,,,,,,
,,,,,,
,,,,,,
,,,,,,
,,,,,,
,,,,,,
,,,,,,
,,,,,,
,,,,,,
,,,,,,
,,,,,,
,,,,,,
,,,,,,
,,,,,,
,,,,,,
,,,,,,
,,,,,,
,,,,,,
,,,,,,
,,,,,,
,,,,,,
,,,,,,
,,,,,,
,,,,,,
,,,,,,
,,,,,,
,,,,,,
,,,,,,
,,,,,,
,,,,,,
,,,,,,
,,,,,,
,,,,,,
,,,,,,
,,,,,,
,,,,,,
,,,,,,
,,,,,,
,,,,,,
,,,,,,
,,,,,,
,,,,,,
,,,,,,
,,,,,,
,,,,,,
,,,,,,
,,,,,,
,,,,,,
,,,,,,
,,,,,,
,,,,,,
,,,,,,
,,,,,,
,,,,,,
,,,,,,
,,,,,,
,,,,,,
,,,,,,
,,,,,,
,,,,,,
,,,,,,
,,,,,,
,,,,,,
,,,,,,
,,,,,,
,,,,,,
,,,,,,
,,,,,,
,,,,,,
,,,,,,
,,,,,,
,,,,,,
,,,,,,
,,,,,,
,,,,,,
,,,,,,
,,,,,,
,,,,,,
,,,,,,
,,,,,,
,,,,,,
,,,,,,
,,,,,,
,,,,,,
,,,,,,
,,,,,,
,,,,,,
,,,,,,
,,,,,,
,,,,,,
,,,,,,
,,,,,,
,,,,,,
,,,,,,
,,,,,,
,,,,,,
,,,,,,
,,,,,,
,,,,,,
,,,,,,
,,,,,,
,,,,,,
,,,,,,
,,,,,,
,,,,,,
,,,,,,
,,,,,,
,,,,,,
,,,,,,
,,,,,,
,,,,,,
,,,,,,
,,,,,,
,,,,,,
,,,,,,
,,,,,,
,,,,,,
,,,,,,
,,,,,,
,,,,,,
,,,,,,
,,,,,,
,,,,,,
,,,,,,
,,,,,,
,,,,,,
,,,,,,
,,,,,,
,,,,,,
,,,,,,
,,,,,,
,,,,,,
,,,,,,
,,,,,,
,,,,,,
,,,,,,
,,,,,,
,,,,,,
,,,,,,
,,,,,,
,,,,,,
,,,,,,
,,,,,,
,,,,,,
,,,,,,
,,,,,,
,,,,,,
,,,,,,
,,,,,,
,,,,,,
,,,,,,
,,,,,,
,,,,,,
,,,,,,
,,,,,,
,,,,,,
,,,,,,
,,,,,,
,,,,,,
,,,,,,
,,,,,,
,,,,,,
,,,,,,
,,,,,,
,,,,,,
,,,,,,
,,,,,,
,,,,,,
,,,,,,
,,,,,,
,,,,,,
,,,,,,
,,,,,,
,,,,,,
,,,,,,
,,,,,,
,,,,,,
,,,,,,
,,,,,,
,,,,,,
,,,,,,
,,,,,,
,,,,,,
,,,,,,
,,,,,,
,,,,,,
,,,,,,
,,,,,,
,,,,,,
,,,,,,
,,,,,,
,,,,,,
,,,,,,
,,,,,,
,,,,,,
,,,,,,
,,,,,,
,,,,,,
,,,,,,
,,,,,,
,,,,,,
,,,,,,
,,,,,,
,,,,,,
,,,,,,
,,,,,,
,,,,,,
,,,,,,
,,,,,,
,,,,,,
,,,,,,
,,,,,,
,,,,,,
,,,,,,
,,,,,,
,,,,,,
,,,,,,
,,,,,,
,,,,,,
,,,,,,
,,,,,,
,,,,,,
,,,,,,
,,,,,,
,,,,,,
,,,,,,
,,,,,,
,,,,,,
,,,,,,
,,,,,,
,,,,,,
,,,,,,
,,,,,,
,,,,,,
,,,,,,
,,,,,,
,,,,,,
,,,,,,
,,,,,,
,,,,,,
,,,,,,
,,,,,,
,,,,,,
,,,,,,
,,,,,,
,,,,,,
,,,,,,
,,,,,,
,,,,,,
,,,,,,
,,,,,,
,,,,,,
,,,,,,
,,,,,,
,,,,,,
,,,,,,
,,,,,,
,,,,,,
,,,,,,
,,,,,,
,,,,,,
,,,,,,
,,,,,,
,,,,,,
,,,,,,
,,,,,,
,,,,,,
,,,,,,
,,,,,,
,,,,,,
,,,,,,
,,,,,,
,,,,,,
,,,,,,
,,,,,,
,,,,,,
,,,,,,
,,,,,,
,,,,,,
,,,,,,
,,,,,,
,,,,,,
,,,,,,
,,,,,,
,,,,,,
,,,,,,
,,,,,,
,,,,,,
,,,,,,
,,,,,,
,,,,,,
,,,,,,
,,,,,,
,,,,,,
,,,,,,
,,,,,,
,,,,,,
,,,,,,
,,,,,,
,,,,,,
,,,,,,
,,,,,,
,,,,,,
,,,,,,
,,,,,,
,,,,,,
,,,,,,
,,,,,,
,,,,,,
,,,,,,
,,,,,,
,,,,,,
,,,,,,
,,,,,,
,,,,,,
,,,,,,
,,,,,,
,,,,,,
,,,,,,
,,,,,,
,,,,,,
,,,,,,
,,,,,,
,,,,,,
,,,,,,
,,,,,,
,,,,,,
,,,,,,
,,,,,,
,,,,,,
,,,,,,
,,,,,,
,,,,,,
,,,,,,
,,,,,,
,,,,,,
,,,,,,
,,,,,,
,,,,,,
,,,,,,
,,,,,,
,,,,,,
,,,,,,
,,,,,,
,,,,,,
,,,,,,
,,,,,,
,,,,,,
,,,,,,
,,,,,,
,,,,,,
,,,,,,
,,,,,,
,,,,,,
,,,,,,
,,,,,,
,,,,,,
,,,,,,
,,,,,,
,,,,,,
,,,,,,
,,,,,,
,,,,,,
,,,,,,
,,,,,,
,,,,,,
,,,,,,
,,,,,,
,,,,,,
,,,,,,
,,,,,,
,,,,,,
,,,,,,
,,,,,,
,,,,,,
,,,,,,
,,,,,,
,,,,,,
,,,,,,
,,,,,,
,,,,,,
,,,,,,
,,,,,,
,,,,,,
,,,,,,
,,,,,,
,,,,,,
,,,,,,
,,,,,,
,,,,,,
,,,,,,
,,,,,,
,,,,,,
,,,,,,
,,,,,,
,,,,,,
,,,,,,
,,,,,,
,,,,,,
,,,,,,
,,,,,,
,,,,,,
,,,,,,
,,,,,,
,,,,,,
,,,,,,
,,,,,,
,,,,,,
,,,,,,
,,,,,,
,,,,,,
,,,,,,
,,,,,,
,,,,,,
,,,,,,
,,,,,,
,,,,,,
,,,,,,
,,,,,,
,,,,,,
,,,,,,
,,,,,,
,,,,,,
,,,,,,
,,,,,,
,,,,,,
,,,,,,
,,,,,,
,,,,,,
,,,,,,
,,,,,,
,,,,,,
,,,,,,
,,,,,,
,,,,,,
,,,,,,
,,,,,,
,,,,,,
,,,,,,
,,,,,,
,,,,,,
,,,,,,
,,,,,,
,,,,,,
,,,,,,
,,,,,,
,,,,,,
,,,,,,
,,,,,,
,,,,,,
,,,,,,
,,,,,,
,,,,,,
,,,,,,
,,,,,,
,,,,,,
,,,,,,
,,,,,,
,,,,,,
,,,,,,
,,,,,,
,,,,,,
,,,,,,
,,,,,,
,,,,,,
,,,,,,
,,,,,,
,,,,,,
,,,,,,
,,,,,,
,,,,,,
,,,,,,
,,,,,,
,,,,,,
,,,,,,
,,,,,,
,,,,,,
,,,,,,
,,,,,,
,,,,,,
,,,,,,
,,,,,,
,,,,,,
,,,,,,
,,,,,,
,,,,,,
,,,,,,
,,,,,,
,,,,,,
,,,,,,
,,,,,,
,,,,,,
,,,,,,
,,,,,,
,,,,,,
,,,,,,
,,,,,,
,,,,,,
,,,,,,
,,,,,,
,,,,,,
